<?xml version="1.0" encoding="utf-8"?>
<app type="complex" access="777">
  <version type="unsignedInt" length="4">15</version>
  <os_version type="hexBinary" length="8">000500101000400A</os_version>
  <title_id type="hexBinary" length="8">000500026AD52002</title_id>
  <title_version type="hexBinary" length="2">0001</title_version>
  <sdk_version type="unsignedInt" length="4">20922</sdk_version>
  <app_type type="hexBinary" length="4">80000000</app_type>
  <group_id type="hexBinary" length="4">0000D520</group_id>
  <os_mask type="hexBinary" length="32">0000000000000000000000000000000000000000000000000000000000000000</os_mask>
</app>